loss,mse,rmse,output_reg,mae
0.18762611489295963,0.08265751962661745,0.43314654730004054,10.496859757995608,0.28436847400665277
