loss,mse,rmse,output_reg,mae
0.187034450674057,0.08206592872142793,0.43245922436876855,10.496852444458005,0.2830942169666292
