loss,mse,rmse,output_reg,mae
0.0022520881488919254,0.0022520881488919254,0.04716217911870971,0.0,0.036850112128257756
