loss,mse,rmse,output_reg,mae
0.0023291296973824505,0.0023291296973824505,0.0479687085169814,0.0,0.03841253222823144
