loss,mse,rmse,output_reg,mae
0.004919966520369053,0.004919966520369053,0.06988906782556921,0.0,0.05759626539945602
