loss,mse,rmse,output_reg,mae
0.0010347847655415537,0.0010347847655415537,0.03197343710264193,0.0,0.024667066702246665
