loss,mse,rmse,output_reg,mae
0.10128396660089492,0.10128396660089492,0.3182103991548128,0.0,0.3153401961326599
