loss,mse,rmse,output_reg,mae
0.15967834465503694,0.15967834465503694,0.39952532067738245,0.0,0.3946558521270752
