loss,mse,rmse,output_reg,mae
0.0014529927186667925,0.0014529927186667925,0.03793168231289272,0.0,0.029866979289054886
