loss,mse,rmse,output_reg,mae
0.0003568256901577115,0.0003568256901577115,0.01880795196674096,0.0,0.01488020380735397
