loss,mse,rmse,output_reg,mae
0.0009409294623881578,0.0009409294623881578,0.03046412900047571,0.0,0.0232549251139164
