loss,mse,rmse,output_reg,mae
0.008525890058279037,0.008525890058279037,0.09229554643457097,0.0,0.09018898845911028
