loss,mse,rmse,output_reg,mae
5.423234028858134e-05,5.423234028858134e-05,0.007316909674869192,0.0,0.005740830881893635
