loss,mse,rmse,output_reg,mae
0.00017524484051391478,0.00017524484051391478,0.013171016077474918,0.0,0.01036358286589384
