loss,mse,rmse,output_reg,mae
0.010536440744996073,0.010536440744996073,0.1025925848916766,0.0,0.09974246815443043
