loss,mse,rmse,output_reg,mae
0.29591313037872324,0.027676896569132803,0.5437876235699193,26.823624142456055,0.16240763120651247
