loss,mse,rmse,output_reg,mae
0.29648213992118827,0.023141465866565698,0.5443108508263296,27.334067883300794,0.14727376699447634
