loss,mse,rmse,output_reg,mae
1.224491110420227,0.39888028111457824,1.1064541922081406,82.56108481445312,0.6258512729644777
