loss,mse,rmse,output_reg,mae
1.3027186862945557,0.5747219268798829,1.141244678484094,72.79967751464844,0.749160060310364
