loss,mse,rmse,output_reg,mae
0.08655103034973147,0.08655103034973147,0.29416356549660605,0.0,0.292227091884613
