loss,mse,rmse,output_reg,mae
0.001267742870002985,0.001267742870002985,0.03549116635236424,0.0,0.0282350380897522
