loss,mse,rmse,output_reg,mae
0.00019909515418112275,0.00019909515418112275,0.013992816736253778,0.0,0.010754359793663027
