loss,mse,rmse,output_reg,mae
0.11918901402950284,0.11918901402950284,0.34510999171205997,0.0,0.33802268505096433
