loss,mse,rmse,output_reg,mae
0.18168194122314452,0.18168194122314452,0.4260647359004275,0.0,0.4156177145481111
