loss,mse,rmse,output_reg,mae
0.01794475750923157,0.017826015985012055,0.13382239530080356,0.011874157565832136,0.12456559684276577
