loss,mse,rmse,output_reg,mae
0.026289836293458952,0.01911134126186371,0.16208400952812319,0.7178495203971859,0.1351601213812829
