loss,mse,rmse,output_reg,mae
0.02930118908882141,0.023115289968252174,0.17111215581479242,0.6185899185180662,0.14847745962142947
