loss,mse,rmse,output_reg,mae
0.0024659697165712725,0.0003173604300245643,0.04961145299993899,0.2148609329223633,0.01492969935238361
