loss,mse,rmse,output_reg,mae
0.002468058250099421,0.0004425897562876344,0.04963033074542917,0.20254685354232788,0.01834307731986046
