loss,mse,rmse,output_reg,mae
0.0002516803228762001,0.0002516803228762001,0.015805616397350362,0.0,0.012660751473903659
