loss,mse,rmse,output_reg,mae
0.0002626357640139759,0.0002626357640139759,0.016146274398828743,0.0,0.012984631931781766
