loss,mse,rmse,output_reg,mae
0.02194226722717285,0.011182344937324522,0.14806815599555137,1.0759922515869143,0.09506771847009655
