loss,mse,rmse,output_reg,mae
0.009139421018958094,0.003754817236959934,0.09551919970703313,0.5384603843688968,0.048390037548542035
