loss,mse,rmse,output_reg,mae
0.021582252722978597,0.00980103627443314,0.1468544545251077,1.1781216617584231,0.08781085015535357
