loss,mse,rmse,output_reg,mae
0.022107042831182467,0.011721552091836934,0.148620919246454,1.038549084854126,0.0977714793086052
