loss,mse,rmse,output_reg,mae
0.009131703150272372,0.003241264779865741,0.09549385718005059,0.5890438501358031,0.04460367566347123
