loss,mse,rmse,output_reg,mae
0.00917920921444893,0.003986606498062611,0.09572106394432618,0.5192602852821351,0.05010083184242249
