loss,mse,rmse,output_reg,mae
0.7131741776466367,0.6065908294677734,0.8441453928520989,10.658335372924803,0.7553970716476438
