loss,mse,rmse,output_reg,mae
0.7770058266639711,0.6791672458648682,0.8811127861846626,9.783858241271973,0.7996574372291567
