loss,mse,rmse,output_reg,mae
0.041167089641094216,0.001996634516865015,0.2027421767415935,3.917045628356933,0.04075075783133506
