loss,mse,rmse,output_reg,mae
0.00012367200115695598,3.53458371711895e-05,0.011072806280608938,0.008832616522908215,0.004095877750217914
