loss,mse,rmse,output_reg,mae
0.014948193970322607,0.014672840037941929,0.1221229523140828,0.02753539100587368,0.11222602614164351
