loss,mse,rmse,output_reg,mae
0.0001919895311817527,7.439002448227257e-05,0.013805974561641619,0.011759951126575473,0.006094409932196137
