loss,mse,rmse,output_reg,mae
0.004384806797653438,0.004384806797653438,0.06595962735185619,0.0,0.05373157349228859
