loss,mse,rmse,output_reg,mae
0.00254379008859396,0.00254379008859396,0.05024023084782703,0.0,0.040517900133132945
