loss,mse,rmse,output_reg,mae
0.001468813522160053,0.001468813522160053,0.03814149257840419,0.0,0.03041172679662705
