loss,mse,rmse,output_reg,mae
0.0034368580713868154,0.0034368580713868154,0.058415944223309556,0.0,0.04760584319829943
