loss,mse,rmse,output_reg,mae
3.319768879699708,0.6804635293960573,1.8219297582320448,263.93054042968754,0.8225142405509949
