loss,mse,rmse,output_reg,mae
3.2969744796752942,0.8232689765930175,1.8156649207698208,247.37055632324214,0.9043062459945678
