loss,mse,rmse,output_reg,mae
1.1832544843673707,0.1909627107143403,1.0876421445948885,99.22917941894532,0.4333588024616242
