loss,mse,rmse,output_reg,mae
1.1838893360137939,0.19641938931941996,1.0879339792874017,98.74699694824223,0.43903248538970974
