loss,mse,rmse,output_reg,mae
0.017791759197413923,0.0031776093706488624,0.13332774591225563,1.4614150199890137,0.05298250850439072
