loss,mse,rmse,output_reg,mae
0.017606316518783565,0.0028833406619727625,0.13263083250772653,1.4722976207733165,0.05200944807529451
