loss,mse,rmse,output_reg,mae
0.017899190092086795,0.0029091620683670038,0.1337422456534907,1.4990028465270997,0.05231998263597487
