loss,mse,rmse,output_reg,mae
0.01807983764111995,0.0032223334588110455,0.1344157552688592,1.4857504463195796,0.053419373941421516
