loss,mse,rmse,output_reg,mae
0.004756804001331329,0.003120752578601241,0.06884780219360023,0.16360514695644382,0.04509920074939728
