loss,mse,rmse,output_reg,mae
0.0009071214113384482,0.0004077016335912048,0.02987237713551743,0.049941978687047965,0.013386289715766905
