loss,mse,rmse,output_reg,mae
0.0009899380799382926,0.000445276184566319,0.031187364011707935,0.05446619096994401,0.014420768970251085
