loss,mse,rmse,output_reg,mae
0.006685535848513247,0.005551108832098543,0.0815360809674708,0.11344270577430723,0.06200647285282611
