loss,mse,rmse,output_reg,mae
0.00294748832769692,0.00105268493629992,0.05423257208906929,0.18948034324645993,0.024813609832525247
