loss,mse,rmse,output_reg,mae
0.004413927384465934,0.002595672558993101,0.06630295222282687,0.18182548656463624,0.03830160220861434
