loss,mse,rmse,output_reg,mae
0.011295623739063744,0.00782892166823149,0.10614053340221241,0.3466702133655547,0.07564046421051025
