loss,mse,rmse,output_reg,mae
0.008854421100020408,0.004280113465338947,0.09401408819143554,0.45743077230453494,0.05647052814364434
