loss,mse,rmse,output_reg,mae
0.0019294269632548096,0.0019294269632548096,0.04347389260502162,0.0,0.0322406917631626
