loss,mse,rmse,output_reg,mae
0.0005415718189906328,0.0005415718189906328,0.022689812732396383,0.0,0.01581491881459951
