loss,mse,rmse,output_reg,mae
0.003360861156322062,0.003360861156322062,0.05774601058157049,0.0,0.04756991293728353
