loss,mse,rmse,output_reg,mae
0.004978633542545138,0.004978633542545138,0.0702856556606455,0.0,0.05777496149539946
