loss,mse,rmse,output_reg,mae
0.00020935699938563635,0.00020935699938563635,0.014413871837801368,0.0,0.011480599144101144
