loss,mse,rmse,output_reg,mae
8.167579917935654e-05,8.167579917935654e-05,0.009006942242923689,0.0,0.007199225607514384
