loss,mse,rmse,output_reg,mae
8.277545527089391e-05,8.277545527089391e-05,0.00905864362167667,0.0,0.0072060076355934125
