loss,mse,rmse,output_reg,mae
0.00021560521316714575,0.00021560521316714575,0.014628681212854376,0.0,0.011680248907208448
