loss,mse,rmse,output_reg,mae
0.0075161419734358775,0.0075161419734358775,0.0866144315748721,0.0,0.08167629386186603
