loss,mse,rmse,output_reg,mae
0.009212247443199154,0.009212247443199154,0.09588671708985355,0.0,0.0895779970288277
