loss,mse,rmse,output_reg,mae
2.0001016215974232e-05,2.0001016215974232e-05,0.004434775552966442,0.0,0.003345801519602538
