loss,mse,rmse,output_reg,mae
0.00011873477995395662,0.00011873477995395662,0.010821544907888508,0.0,0.008289343231916432
