loss,mse,rmse,output_reg,mae
0.00045041742520406846,0.00045041742520406846,0.021139485134606534,0.0,0.016870367670059207
