loss,mse,rmse,output_reg,mae
0.08931329129934314,0.08931329129934314,0.29882658026764836,0.0,0.2971346650123595
