loss,mse,rmse,output_reg,mae
0.14041861839294434,0.14041861839294434,0.37467852437652815,0.0,0.37165397567749026
