loss,mse,rmse,output_reg,mae
0.0014925719199702146,0.0014925719199702146,0.038401253402359135,0.0,0.03015297865867615
