loss,mse,rmse,output_reg,mae
0.04149173861145974,0.0024489139799028638,0.20353967170329823,3.9042825286865237,0.044497599160671246
